callsign,band,grid,dxcc,cont,itu,cq,first seen,last seen
WV4P,,EM55UG,K,NA,8,4,147 days ago,online
VE6JY,20m,30m,40m,DO33OR,VE,NA,2,4,7 years ago,online
V51YJ,,JG87NJ,V5,AF,57,38,13 years ago,online
BG2TFW,20m,40m,PN11RW,BY,AS,44,24,1 year ago,online
TF3Y,10m,15m,17m,20m,30m,HP94BD,TF,EU,17,40,14 years ago,online
K3PA-1,15m,17m,20m,30m,40m,EM29MD,K,NA,7,4,7 years ago,online
DK9IP,20m,30m,40m,JN48FX,DL,EU,28,14,15 years ago,online
N0OI,20m,40m,DM13HT,K,NA,6,3,5 years ago,online
DK9IP-1,20m,30m,JN48FX,DL,EU,28,14,15 years ago,online
ZL4YL,20m,30m,40m,RF80LF,ZL,OC,60,32,7 years ago,online
G3YPP,20m,JO02RV,G,EU,27,14,2 years ago,online
LU8XW,,FD55UE,LU,SA,16,13,218 days ago,online
SM1HEV,15m,17m,20m,JO97BM,SM,EU,18,14,54 days ago,online
VK3RASA,,QF21WV,VK,OC,59,30,3 years ago,online
BH4RRG,15m,20m,40m,OM92IC,BY,AS,44,24,10 years ago,online
K2PO/7,20m,40m,CN85LI,K,NA,6,3,10 years ago,online
G4ZFE-1,15m,17m,20m,30m,40m,IO91PK,G,EU,27,14,211 days ago,online
W2MV,40m,FN31BA,K,NA,8,5,4 years ago,online
SM0TCZ,20m,JO89XF,SM,EU,18,14,7 years ago,online
VU2CPL,15m,17m,20m,MK83TE,VU,AS,41,22,7 years ago,online
KV4TT,15m,17m,20m,30m,40m,FM03PT,K,NA,8,5,7 years ago,online
7N4XCV,20m,40m,PM95PW,JA,AS,45,25,7 years ago,online
HA6PX,10m,15m,17m,20m,30m,40m,JN98WD,HA,EU,28,15,13 years ago,online
BI4SSB,,PM01DV,BY,AS,44,24,7 years ago,online
NN3RP,,FM18LW,K,NA,8,5,13 years ago,online
UA4M,20m,LO44WI,UA,EU,29,16,9 years ago,online
G3XBI,,IO81MF,G,EU,27,14,3 years ago,online
W6YX,15m,20m,40m,CM87VJ,K,NA,6,3,3 years ago,online
DF7GB,15m,17m,20m,30m,40m,60m,JN49CX,DL,EU,28,14,11 years ago,online
WE4M,,FM07II,K,NA,8,5,12 years ago,online
VE7CC,,CN89RE,VE,NA,2,3,10 years ago,online
R1LB,20m,KO49TQ,UA,EU,29,16,5 years ago,online
SV1CDN,,KM17TX,SV,EU,28,20,10 years ago,online
W4AX,,EM74TC,K,NA,8,5,13 years ago,online
OE6TZE,10m,15m,20m,40m,JN76RX,OE,EU,28,15,10 years ago,online
OZ1BZS,20m,JO46LE,OZ,EU,18,14,260 days ago,online
WW1L,,FN54OM,K,NA,8,5,4 years ago,online
WB6BEE,40m,FM17OG,K,NA,8,5,8 years ago,online
OE9GHV,10m,15m,17m,20m,30m,40m,JN47WK,OE,EU,28,15,4 years ago,online
VK2EBN,,QF57LL,VK,OC,59,30,3 years ago,online
EA5WU,12m,15m,17m,20m,40m,IM99WU,EA,EU,37,14,11 years ago,online
K6FOD,20m,40m,DM04WC,K,NA,6,3,2 years ago,online
LZ7AA,10m,15m,20m,KN12qq,LZ,EU,28,20,7 years ago,online
KM3T,15m,17m,20m,30m,40m,FN42ET,K,NA,8,5,13 years ago,online
J68HZ,,FK93LU,J6,NA,11,8,8 years ago,online
YO2MAX,10m,15m,17m,20m,30m,40m,KN15MR,YO,EU,28,20,184 days ago,online
R6YY,15m,17m,20m,LN04AN,UA,EU,29,16,11 years ago,online
W2NAF,10m,15m,20m,40m,FN21EI,K,NA,8,5,8 years ago,online
WC8GOP,,EN72PS,K,NA,8,4,124 days ago,online
DJ2BC,20m,30m,40m,JO63PO,DL,EU,28,14,7 years ago,online
KA7OEI,15m,17m,DN31UO,K,NA,6,3,343 days ago,online
WE9V,15m,17m,20m,30m,40m,EN52XN,K,NA,8,4,15 years ago,online
K9LC,10m,15m,17m,20m,40m,EN52MG,K,NA,8,4,4 years ago,online
SE5E,15m,20m,30m,40m,JO89LW,SM,EU,18,14,9 years ago,online
CX6VM,20m,40m,GF27XU,CX,SA,14,13,12 years ago,online
DK8NE,,JO50AL,DL,EU,28,14,13 years ago,online
W2LB,40m,FN12HW,K,NA,8,5,12 years ago,online
KP3CW,15m,20m,FK68XI,KP4,NA,11,8,326 days ago,online
OK4QRO,40m,JN79XN,OK,EU,28,15,1 year ago,online
LZ3CB,15m,17m,20m,40m,KN32SN,LZ,EU,28,20,4 years ago,online
JA1JRS,,PM95VS,JA,AS,45,25,8 years ago,online
3D2AG,17m,20m,6m,RH91FV,3D2,OC,56,32,3 years ago,online
SZ1A,20m,40m,KM08QR,SV,EU,28,20,6 years ago,online
DE1LON,15m,20m,40m,JO31HG,DL,EU,28,14,10 years ago,online
MM3NDH-3,,IO86ha,GM,EU,27,14,82 days ago,online
KE3BK,,CM97fs,K,NA,6,3,5 years ago,online
OH6BG,,KP03QA,OH,EU,18,15,13 years ago,online
VE7XMC,,CN88HM,VE,NA,2,3,8 years ago,online
HA8TKS,10m,15m,20m,40m,JN96UV,HA,EU,28,15,10 years ago,online
LA6TPA,15m,17m,20m,JP54RL,LA,EU,18,14,10 years ago,online
N7TUG,,CN87TQ,K,NA,6,3,8 years ago,online
K7EK,40m,EM77AT,K,NA,8,4,15 years ago,online
OZ1AAB,20m,30m,JO65CS,OZ,EU,18,14,363 days ago,online
W1NT-2,15m,20m,40m,FN42LU,K,NA,8,5,10 years ago,online
VE6WZ-2,,DO21ST,VE,NA,2,4,4 years ago,online
7Q6M,,KH67RU,7Q,AF,53,37,249 days ago,online
K4PP,10m,15m,30m,40m,EM64PT,K,NA,8,4,3 years ago,online
PA5WT,,JO22HG,PA,EU,27,14,15 years ago,online
BG0AJO,17m,NN33SU,BY,AS,42,23,1 year ago,online
2E0INH,12m,IO92UQ,G,EU,27,14,171 days ago,online
DD5XX,10m,15m,17m,20m,30m,JN48PS,DL,EU,28,14,6 years ago,online
VR2FUN-77,12m,15m,17m,20m,OL62LL,VR,AS,44,24,1 year ago,online
W3UA,,FN42GV,K,NA,8,5,13 years ago,online
BI4MPH-1,20m,40m,PM07QM,BY,AS,44,24,119 days ago,online
YO4RDW,20m,KN35MR,YO,EU,28,20,1 year ago,online
JN1ILK,15m,17m,20m,40m,80m,PM95ET,JA,AS,45,25,2 years ago,online
W3OA,10m,15m,17m,20m,30m,40m,6m,EM95MN,K,NA,8,5,16 years ago,online
BA6KC,20m,40m,OM65XH,BY,AS,44,24,2 years ago,online
DL0LA,10m,15m,20m,JN68CM,DL,EU,28,14,3 years ago,online
ZF9CW,10m,12m,15m,17m,20m,40m,FK09CR,ZF,NA,11,8,5 years ago,online
9A1CIG,,JN83FM,9A,EU,28,15,6 years ago,online
9M2CNC,20m,40m,OJ03TB,9M2,AS,54,28,7 years ago,online
SV8RV,,KM07KS,SV,EU,28,20,16 years ago,online
EA1URA,15m,20m,30m,IN73DK,EA,EU,37,14,3 years ago,online
BD4QJP,20m,40m,OM94TE,BY,AS,44,24,2 years ago,online
K9IMM,15m,17m,20m,30m,40m,EN52CV,K,NA,8,4,9 years ago,online
N2QT,40m,FM07II,K,NA,8,5,14 years ago,online
EA5RQ,15m,20m,IM99TL,EA,EU,37,14,99 days ago,online
DK3UA,,JO64LF,DL,EU,28,14,12 years ago,online
LA7GIA,,JO59LX,LA,EU,18,14,6 years ago,online
OK1FCJ,10m,15m,17m,20m,30m,40m,JO70GA,OK,EU,28,15,14 years ago,online
KH6LC,17m,20m,BK29CW,KH6,OC,61,31,12 years ago,online
KO7SS,15m,17m,20m,30m,40m,DM42OK,K,NA,6,3,9 years ago,online
LZ5DI,10m,15m,17m,20m,30m,KN12PQ,LZ,EU,28,20,1 year ago,online
G4ZFE,12m,15m,17m,20m,30m,40m,IO91PK,G,EU,27,14,8 years ago,online
BI4RFP-YZ,15m,20m,40m,OM94OO,BY,AS,44,24,106 days ago,online
WA7LNW,15m,20m,40m,DM37GD,K,NA,6,3,13 years ago,online
ES2RR,15m,17m,20m,KO29HG,ES,EU,29,15,2 years ago,online
EA2CW,15m,20m,IN83MG,EA,EU,37,14,10 years ago,online
DK0TE,15m,20m,40m,JN47RP,DL,EU,28,14,11 years ago,online
DM6EE,15m,20m,30m,40m,JO52KJ,DL,EU,28,14,4 years ago,online
S53A,10m,15m,17m,20m,30m,40m,JN75FT,S5,EU,28,15,2 years ago,online
VK6ANC,20m,40m,OF78WE,VK,OC,58,29,4 years ago,online
S59DBC,,JN86CQ,S5,EU,28,15,5 years ago,online
VE6AO,,DO31AC,VE,NA,2,4,12 years ago,online
SV1DPJ,20m,KM27AX,SV,EU,28,20,8 years ago,online
SQ5OUO,,KO02GE,SP,EU,28,15,163 days ago,online
F4VVG,15m,20m,JN48BX,F,EU,27,14,2 years ago,online
KM3T-2,10m,15m,20m,30m,40m,FN42et,K,NA,8,5,6 years ago,online
JO1YYP,,PM95VW,JA,AS,45,25,8 years ago,online
G0KTN,12m,15m,17m,20m,30m,IO81TI,G,EU,27,14,14 years ago,online
VE6WZ,20m,40m,DO21ST,VE,NA,2,4,13 years ago,online
W8WWV,15m,20m,40m,EN91HM,K,NA,8,4,11 years ago,online
JJ2VLY,15m,17m,20m,PM95JG,JA,AS,45,25,9 years ago,online
G0TMX,15m,20m,30m,JO02IF,G,EU,27,14,10 years ago,online
DM5GG,10m,15m,17m,20m,30m,40m,JO61UE,DL,EU,28,14,2 years ago,online
N6TV,15m,20m,40m,CM97CF,K,NA,6,3,13 years ago,online
W1NT-6,15m,17m,20m,30m,40m,FN42LU,K,NA,8,5,5 years ago,online
UA0S,15m,17m,20m,OO22GE,UA9,AS,32,18,3 years ago,online
K7MJG,40m,DM33XH,K,NA,6,3,3 years ago,online
N5ZO,40m,DM13LC,K,NA,6,3,4 days ago,online
KM3T-3,10m,15m,17m,20m,30m,40m,FN42ET,K,NA,8,5,1 year ago,online
DC8YZ,10m,15m,17m,20m,40m,JN59JI,DL,EU,28,14,1 year ago,online
G4IRN,10m,15m,17m,20m,30m,IO82MO,G,EU,27,14,11 years ago,online
MM3NDH,12m,15m,20m,30m,IO86HA,GM,EU,27,14,1 year ago,online
LZ4AE,10m,15m,17m,20m,KN13US,LZ,EU,28,20,5 years ago,online
AC0C-1,15m,17m,20m,40m,EM28QP,K,NA,7,4,3 years ago,online
HA1VHF,10m,15m,20m,2m,30m,40m,4m,6m,JN87GF,HA,EU,28,15,12 years ago,online
DL1HWS,15m,17m,20m,30m,40m,JO61AQ,DL,EU,28,14,2 years ago,online
DL0PF,10m,15m,20m,40m,JN68RN,DL,EU,28,14,4 years ago,online
S53M,,JN86CR,S5,EU,28,15,8 years ago,online
HB9BXE,15m,20m,30m,40m,JN47EB,HB,EU,28,14,10 years ago,online
DL8TG,15m,20m,40m,JO52IJ,DL,EU,28,14,7 years ago,online
WC2L,10m,15m,20m,30m,40m,6m,FN32BS,K,NA,8,5,5 years ago,online
DK2GOX,4m,JN49WS,DL,EU,28,14,3 years ago,online
W3DAN,,EN91EF,K,NA,8,5,2 years ago,online
VE3EID,10m,15m,17m,20m,30m,40m,FN05GK,VE,NA,4,4,7 years ago,online
DL8LAS,10m,15m,17m,20m,30m,40m,JO54EF,DL,EU,28,14,13 years ago,online
N8DXE,,EN91EF,K,NA,8,4,2 years ago,online
ON6ZQ,15m,17m,20m,40m,JO20EQ,ON,EU,27,14,12 years ago,online
JH7CSU1,17m,20m,40m,PM95TP,JA,AS,45,25,4 years ago,online
W3LPL,,FM19LG,K,NA,8,5,13 years ago,online
BG4GOV,20m,40m,PM00VW,BY,AS,44,24,7 years ago,online
WS3W,,FM19NG,K,NA,8,5,3 years ago,online
K7CO,40m,DN30XN,K,NA,6,3,68 days ago,online
SM7IUN,10m,15m,17m,20m,30m,40m,JO65MR,SM,EU,18,14,6 years ago,online
JP1LRT,,PM95TQ,JA,AS,45,25,2 years ago,online
NG7M,15m,17m,20m,40m,DN31xb,K,NA,6,3,7 years ago,online
K5TR,15m,17m,20m,40m,6m,EM00UF,K,NA,7,4,6 years ago,online
BD7JNA,,OL68ME,BY,AS,44,24,7 years ago,online
SQ5J,10m,15m,20m,30m,KO02KF,SP,EU,28,15,1 year ago,online
ZS1NN,,JF96KO,ZS,AF,57,38,264 days ago,online
HB9DCO,15m,17m,20m,30m,40m,JN37SM,HB,EU,28,14,12 years ago,online
ET3AA,,KJ99JA,ET,AF,48,37,8 years ago,online
HG0Y,20m,JN97WW,HA,EU,28,15,4 years ago,online
KC4YVA,15m,40m,FM17IL,K,NA,8,5,6 years ago,online
CR6K,,IN50RU,CT,EU,37,14,120 days ago,online
VE6WZ-1,,DO21ST,VE,NA,2,4,1 year ago,online
WZ7I,10m,12m,15m,17m,20m,30m,40m,FN20KK,K,NA,8,5,15 years ago,online
S53WW,10m,15m,20m,30m,40m,JN76HE,S5,EU,28,15,2 years ago,online
LZ4UX,15m,17m,20m,KN23TB,LZ,EU,28,20,9 years ago,online
OK1HRA,15m,20m,30m,40m,JO60WA,OK,EU,28,15,2 years ago,online
OH0K/6,,KP03SF,OH,EU,18,15,2 years ago,online
HG8A,10m,15m,20m,30m,JN96RK,HA,EU,28,15,3 years ago,online
IK4VET,10m,15m,20m,30m,40m,JN54MM,I,EU,28,15,5 years ago,online
MM3NDH-2,12m,15m,20m,IO86ha,GM,EU,27,14,82 days ago,online
VY0ERC,,ER60TB,VE,NA,4,2,4 years ago,online
BH4XDZ,20m,40m,OM94NO,BY,AS,44,24,4 years ago,online
MM0ZBH,12m,15m,17m,20m,30m,40m,IO86IB,GM,EU,27,14,3 years ago,online
IK3STG,,JN55XK,I,EU,28,15,13 years ago,online
PE5TT,15m,20m,40m,JO21TV,PA,EU,27,14,4 years ago,online
DR4W,15m,20m,40m,JN59SV,DL,EU,28,14,7 years ago,online
BH4RXP,15m,20m,40m,OM91IP,BY,AS,44,24,8 years ago,online
RU9CZD,15m,20m,MO07OD,UA9,AS,30,17,12 years ago,online
MW0MUT,12m,15m,17m,20m,30m,40m,IO81LQ,GW,EU,27,14,10 years ago,online
TI7W,10m,12m,15m,17m,20m,EK70LR,TI,NA,11,7,2 years ago,online
ZL3X,20m,40m,RE66IR,ZL,OC,60,32,4 years ago,online
AA0O,15m,17m,40m,EL87PS,K,NA,8,5,164 days ago,online
DF2CK,10m,12m,15m,160m,17m,20m,30m,40m,JO71AD,DL,EU,28,14,15 years ago,online
IK6HIR,,JN63KW,I,EU,28,15,1 year ago,53 minutes ago
UD4FD,,LO23OQ,UA,EU,29,16,9 years ago,1 hour, 45 minutes ago
OG66X,10m,KP24HP,OH,EU,18,15,3 years ago,2 hours, 49 minutes ago
RK3TD,15m,20m,LO16QW,UA,EU,29,16,14 years ago,3 hours, 6 minutes ago
S50U,15m,17m,20m,30m,JN66XD,S5,EU,28,15,6 years ago,5 hours, 3 minutes ago
ON4EM,20m,JO20DV,ON,EU,27,14,1 year ago,6 hours, 53 minutes ago
W7VJ,,CN87QN,K,NA,6,3,8 years ago,9 hours, 25 minutes ago
3B8M,,LG89UV,3B8,AF,53,39,11 hours, 52 minutes ago,11 hours, 52 minutes ago
S50ARX,,JN65TW,S5,EU,28,15,13 years ago,12 hours, 26 minutes ago
JI1HFJ,17m,6m,PM95SS,JA,AS,45,25,5 years ago,12 hours, 34 minutes ago
GI4DOH,,IO74DP,GI,EU,27,14,12 years ago,15 hours, 35 minutes ago
W4KAZ,17m,20m,40m,FM05OS,K,NA,8,5,12 years ago,16 hours, 14 minutes ago
DL9GTB,12m,15m,17m,20m,30m,40m,80m,JO63LX,DL,EU,28,14,13 years ago,17 hours, 4 minutes ago
BG7IBS,,OL63PC,BY,AS,44,24,6 years ago,19 hours, 20 minutes ago
DL5RCN,10m,15m,17m,20m,JN68RS,DL,EU,28,14,219 days ago,22 hours, 17 minutes ago
PD0WAG,20m,JO21TX,PA,EU,27,14,346 days ago,22 hours, 51 minutes ago
YL2VW,,KO26AU,YL,EU,29,15,4 years ago,23 hours, 29 minutes ago
HG5FMV,,JN97KR,HA,EU,28,15,2 years ago,1 day, 2 hours ago
KD2OGR,40m,FN20SL,K,NA,8,5,4 years ago,1 day, 9 hours ago
RN4WA,20m,40m,LO66PU,UA,EU,30,16,14 years ago,1 day, 11 hours ago
EA4FIT,,IN80di,EA,EU,37,14,10 years ago,1 day, 14 hours ago
PA8MM,,JO22LL,PA,EU,27,14,5 years ago,1 day, 16 hours ago
SP5AI,20m,KO12QQ,SP,EU,28,15,29 days ago,1 day, 16 hours ago
OH8KA,,KP25QC,OH,EU,18,15,2 years ago,1 day, 16 hours ago
DJ9IE,15m,17m,20m,30m,40m,80m,JO31VN,DL,EU,28,14,13 years ago,2 days ago
K3PA-2,,EM29MD,K,NA,7,4,156 days ago,2 days ago
JR1Y,,PM95NO,JA,AS,45,25,211 days ago,2 days ago
G4BRK,,IO91HP,G,EU,27,14,83 days ago,3 days ago
BD8CS,10m,12m,15m,17m,20m,30m,OM30BP,BY,AS,43,24,2 years ago,3 days ago
RZ3QS,20m,KO91SS,UA,EU,29,16,1 year ago,3 days ago
BI4UYX,17m,OM91LL,BY,AS,44,24,24 days ago,3 days ago
W8WTS,10m,15m,20m,40m,80m,EN91JJ,K,NA,8,4,14 years ago,3 days ago
M7TAW,,IO91MA,G,EU,27,14,18 days ago,3 days ago
UA4CC,20m,LO31DN,UA,EU,29,16,2 years ago,3 days ago
HA5PP,,JN97MO,HA,EU,28,15,10 years ago,4 days ago
JH4UTP,15m,20m,40m,PM64VN,JA,AS,45,25,6 years ago,4 days ago
ND7K,17m,20m,30m,DM34OB,K,NA,6,3,1 year ago,4 days ago
W3RGA,,FN10PV,K,NA,8,5,6 years ago,4 days ago
UT5R,,KO51IM,UR,EU,29,16,3 years ago,4 days ago
BI4MPH,,PM07IT,BY,AS,44,24,2 years ago,4 days ago
UY2RA,12m,15m,20m,KO51IM,UR,EU,29,16,5 years ago,4 days ago
DK1MAX,,JN58SP,DL,EU,28,14,14 years ago,4 days ago
ON7KEC,15m,20m,40m,JO21CE,ON,EU,27,14,1 year ago,4 days ago
DM7EE,10m,15m,30m,JO52JJ,DL,EU,28,14,4 years ago,4 days ago
OG73X,15m,20m,KP24JO,OH,EU,18,15,4 years ago,5 days ago
PA5KT,10m,15m,20m,JO11WL,PA,EU,27,14,15 years ago,5 days ago
EU1ST,20m,KO33TU,EU,EU,29,16,8 years ago,5 days ago
DD0VS,40m,JN59PM,DL,EU,28,14,7 years ago,5 days ago
SP8R,,KO10AA,SP,EU,28,15,3 years ago,5 days ago
F8DGY,,JN18GM,F,EU,27,14,10 years ago,5 days ago
BD7DT,10m,15m,OL67DN,BY,AS,43,24,3 years ago,5 days ago
W3RGA-2,15m,160m,20m,40m,80m,FN10PV,K,NA,8,5,2 years ago,5 days ago
OZ4ADX,15m,20m,40m,80m,JO75ID,OZ,EU,18,14,1 year ago,5 days ago
K6EZ,10m,15m,20m,CM97AP,K,NA,6,3,5 days ago,5 days ago
N9CO,17m,40m,15m,10m,20m,30m,EN52QA,K,NA,8,4,1 year ago,5 days ago
NT6Q,10m,15m,17m,20m,30m,DM13LC,K,NA,6,3,2 years ago,5 days ago
DL1EFW,10m,15m,20m,40m,80m,JO31FD,DL,EU,28,14,12 years ago,5 days ago
E28AC,20m,OK06FS,HS,AS,49,26,7 years ago,5 days ago
VR2FUN-74,,OL63XX,VR,AS,44,24,1 year ago,5 days ago
PD2RPS,15m,20m,30m,40m,JO22VW,PA,EU,27,14,1 year ago,6 days ago
N8NJH,,EN81EQ,K,NA,8,4,62 days ago,6 days ago
UP2L,,MO13SC,UN,AS,30,17,3 years ago,7 days ago
N4ZR,,FM19RL,K,NA,8,5,16 years ago,7 days ago
3V8SS,15m,20m,40m,JM54IQ,3V,AF,37,33,3 years ago,7 days ago
NH6HI,,BL01FW,KH6,OC,61,31,8 years ago,8 days ago
EA7/VE3NZ,20m,40m,80m,IM76LM,EA,EU,37,14,2 years ago,8 days ago
DJ1RK,10m,15m,20m,40m,80m,JO50IW,DL,EU,28,14,7 years ago,8 days ago
PA3GRM,15m,JO22QE,PA,EU,27,14,6 years ago,9 days ago
PA0MBO,20m,40m,JO32KE,PA,EU,27,14,13 years ago,9 days ago
OH4KA,20m,KP20NK,OH,EU,18,15,4 years ago,9 days ago
KM3T-1,,FN42ET,K,NA,8,5,6 years ago,9 days ago
EA/VE3NZ,,IM76LM,EA,EU,37,14,2 years ago,9 days ago
KM5SW,,DM65ST,K,NA,7,4,1 year ago,9 days ago
ZF1A,20m,40m,EK99IG,ZF,NA,11,8,2 years ago,10 days ago
KX7M,20m,DM09CE,K,NA,6,3,11 days ago,10 days ago
LY2XW,20m,KO25OE,LY,EU,29,15,12 years ago,11 days ago
DJ3AK,,JO52GJ,DL,EU,28,14,13 years ago,11 days ago
JI1ACI,,PM96XJ,JA,AS,45,25,1 year ago,12 days ago
JA1BJI,,PM95SM,JA,AS,45,25,1 year ago,12 days ago
HG3X,,JN96EE,HA,EU,28,15,7 years ago,13 days ago
N4SBJ,,EM95MN,K,NA,8,5,11 years ago,13 days ago
DF1DR,20m,30m,JO31RM,DL,EU,28,14,167 days ago,14 days ago
ZF1A-11,20m,EK99IG,ZF,NA,11,8,29 days ago,14 days ago
EL2BG,,IJ46PI,EL,AF,46,35,6 years ago,14 days ago
DF2CK-1,12m,15m,17m,20m,30m,40m,JO71AD,DL,EU,28,14,2 years ago,15 days ago
XV9Q,,OK30IT,3W,AS,49,26,236 days ago,15 days ago
LY3G,20m,KO05NS,LY,EU,29,15,6 years ago,16 days ago
EA2RCF-4,10m,12m,15m,17m,20m,30m,40m,IN82PU,EA,EU,37,14,1 year ago,17 days ago
AA4VV,10m,12m,15m,17m,20m,30m,40m,EM95UU,K,NA,8,5,14 years ago,18 days ago
OH4MFA,,KP32NG,OH,EU,18,15,14 years ago,19 days ago
VK2RH,12m,QF56OC,VK,OC,59,30,1 year ago,19 days ago
OE8TED,,JN76AO,OE,EU,28,15,2 years ago,19 days ago
G4MKR,20m,IO92VD,G,EU,27,14,14 years ago,20 days ago
3B8CW,12m,15m,20m,LG89SX,3B8,AF,53,39,9 years ago,20 days ago
EL2BG/W4,,EM90EH,K,NA,8,5,59 days ago,21 days ago
BG0ARE,,NN33SU,BY,AS,42,23,7 years ago,23 days ago
TZ4AM,,IK52XO,TZ,AF,46,35,2 years ago,26 days ago
YU7GM,,KN05EI,YU,EU,28,15,2 years ago,27 days ago
K1RA,10m,15m,17m,20m,40m,FM18CR,K,NA,8,5,13 years ago,28 days ago
SP5ABT,20m,KO02ME,SP,EU,28,15,36 days ago,28 days ago
CT2IWW,10m,IN51WF,CT,EU,37,14,10 years ago,28 days ago
EA5RQ/A,40m,IM99TL,EA,EU,37,14,100 days ago,30 days ago
DD5XX-3,17m,20m,JN48PR,DL,EU,28,14,4 years ago,30 days ago
EA8BFK,17m,20m,IL38bo,EA8,AF,36,33,5 years ago,30 days ago
BD4QJP1,,OM94SE,BY,AS,44,24,44 days ago,31 days ago
LB9KJ,20m,40m,JO29QJ,LA,EU,18,14,210 days ago,31 days ago
W4IPC,15m,20m,FM16UQ,K,NA,8,5,4 years ago,32 days ago
IZ2CPS,,JN45SS,I,EU,28,15,7 years ago,32 days ago
VA3UXA,,FN05KG,VE,NA,4,4,32 days ago,32 days ago
OH2BBT,10m,15m,20m,40m,80m,KP20HF,OH,EU,18,15,11 years ago,32 days ago
F5AHD,10m,15m,17m,20m,30m,40m,JN37RO,F,EU,27,14,12 years ago,32 days ago
HA2NA,17m,20m,40m,80m,JN97IT,HA,EU,28,15,5 years ago,33 days ago
TF4M,,HP85FP,TF,EU,17,40,14 years ago,35 days ago
LY2BGP,20m,KO24AO,LY,EU,29,15,9 years ago,36 days ago
EI6LF,,IO52RN,EI,EU,27,14,181 days ago,36 days ago
F6IIT,10m,15m,17m,20m,30m,40m,JN06FQ,F,EU,27,14,11 years ago,37 days ago
DL1AMQ,,JO50UU,DL,EU,28,14,15 years ago,38 days ago
HA2NA-5,10m,15m,17m,20m,40m,JN97IT,HA,EU,28,15,183 days ago,40 days ago
JG1DLY,,QM05dn,JA,AS,45,25,8 years ago,40 days ago
DL8LAS-1,10m,12m,15m,17m,20m,30m,40m,JO54EF,DL,EU,28,14,5 years ago,40 days ago
RW9AV,,MP84IL,UA9,AS,21,17,3 years ago,40 days ago
M0JYE,20m,40m,JO02PP,G,EU,27,14,1 year ago,41 days ago
BD4QJP-1,,OM94SE,BY,AS,44,24,44 days ago,44 days ago
BH4SCF,,PM01HW,BY,AS,44,24,4 years ago,44 days ago
K9QC,40m,EN44IU,K,NA,8,4,13 years ago,46 days ago
EA5RQ/P,10m,IM99TL,EA,EU,37,14,47 days ago,46 days ago
EA5RQ/FLEX,10m,15m,IM99TL,F,EU,27,14,47 days ago,47 days ago
VK2GEL,20m,QF55HJ,VK,OC,59,30,6 years ago,50 days ago
BG4WOM,10m,15m,30m,40m,OM91JQ,BY,AS,44,24,7 years ago,52 days ago
OG6K,,KP03LL,OH,EU,18,15,53 days ago,52 days ago
BI4RFP,17m,OM94OO,BY,AS,44,24,4 years ago,52 days ago
SQ8J,15m,KO11AE,SP,EU,28,15,11 years ago,53 days ago
F1FCA-7,,JN39BC,F,EU,27,14,69 days ago,54 days ago
F1TRE,,JN37PV,F,EU,27,14,8 years ago,54 days ago
YO5LD,10m,15m,KN05IS,YO,EU,28,20,12 years ago,54 days ago
F6KGL,20m,JN18GU,F,EU,27,14,307 days ago,54 days ago
IZ4DIW,20m,JN54FR,I,EU,28,15,1 year ago,54 days ago
DF4UE,10m,12m,15m,17m,20m,30m,40m,6m,JN48rr,DL,EU,28,14,10 years ago,55 days ago
BY4XRA,,OM94OO,BY,AS,44,24,83 days ago,55 days ago
M0WJG,,IO83UO,G,EU,27,14,2 years ago,55 days ago
RL3A,,KO75KR,UA,EU,29,16,13 years ago,55 days ago
DM5GG-2,15m,17m,20m,40m,JO61UE,DL,EU,28,14,1 year ago,56 days ago
HA5PP-2,20m,JN97MO,HA,EU,28,15,9 years ago,56 days ago
W1UE,,FN42FI,K,NA,8,5,16 years ago,58 days ago
P40L,10m,12m,15m,40m,FK52AL,P4,SA,11,9,240 days ago,59 days ago
KQ8M,,EN91ip,K,NA,8,4,12 years ago,59 days ago
G4BVY-3,,IO82UD,G,EU,27,14,3 years ago,59 days ago
IK7YTT,,JN81DC,I,EU,28,15,3 years ago,59 days ago
UT4QM,20m,KN77OU,UR,EU,29,16,67 days ago,60 days ago
EY8ZE,,MM48JN,EY,AS,30,17,2 years ago,61 days ago
DR5X,20m,40m,JO54EF,DL,EU,28,14,5 years ago,62 days ago
VE3NZ,15m,20m,40m,FN03HT,VE,NA,4,4,9 years ago,64 days ago
K5KHK,,FN13DC,K,NA,8,5,1 year ago,65 days ago
BG2TEM,15m,PN11RW,BY,AS,44,24,1 year ago,67 days ago
IW9GTD,40m,JM67GW,IT9,EU,28,15,10 years ago,67 days ago
DK8NE/0,6m,JO50AL,DL,EU,28,14,74 days ago,67 days ago
PC5Q,,JO22UB,PA,EU,27,14,6 years ago,68 days ago
RO5F,10m,15m,20m,40m,KO85AA,UA,EU,29,16,77 days ago,68 days ago
AA4VT,20m,FM02AR,K,NA,8,5,72 days ago,71 days ago
K5EM,15m,CN87UQ,K,NA,6,3,1 year ago,71 days ago
EA1RX,,IN52OD,EA,EU,37,14,5 years ago,73 days ago
